,precision,recall,f1-score,support
GOOD,0.3055555555555556,0.22,0.2558139534883721,50.0
INCORRECT,0.6727272727272727,0.74,0.7047619047619048,100.0
PARTIAL,0.8636363636363636,0.76,0.8085106382978723,50.0
WEAK,0.8,0.96,0.8727272727272727,50.0
accuracy,0.684,0.684,0.684,0.684
macro avg,0.6604797979797981,0.6699999999999999,0.6604534423188555,250.0
weighted avg,0.6629292929292929,0.684,0.6693151348074654,250.0
