model,cv_accuracy_mean,cv_accuracy_std,cv_f1_weighted_mean,cv_f1_weighted_std
rf,0.6967999999999999,0.01647300822557917,0.6880581058894804,0.01768496706858624
svc_calibrated,0.5840000000000001,0.027828043409481723,0.5420512651549039,0.02632622056555451
logreg,0.4864,0.019365949499056345,0.43595047415038285,0.02121645225209219
