{
  "best_regressor": "rf_reg",
  "test_mae": 2.798093333333333,
  "test_rmse": 4.132319795089543,
  "test_r2": -0.08495081327081588,
  "n_train": 1000,
  "n_test": 250
}