model,cv_mae_mean,cv_mae_std
rf_reg,2.5368426666666664,0.1782308244995174
svr,3.0443587466514934,0.0929321368313632
ridge,3.3137953595151304,0.07459254638169707
