,precision,recall,f1-score,support
Confident,0.6666666666666666,0.3333333333333333,0.4444444444444444,6.0
Hesitant,0.5,0.5,0.5,6.0
Nervous,0.4444444444444444,0.6666666666666666,0.5333333333333333,6.0
accuracy,0.5,0.5,0.5,0.5
macro avg,0.537037037037037,0.5,0.49259259259259264,18.0
weighted avg,0.537037037037037,0.5,0.49259259259259264,18.0
