fold,accuracy
1,0.5
2,0.6666666666666666
3,0.4444444444444444
4,0.2777777777777778
5,0.5
