train_size,train_acc_mean,train_acc_std,val_acc_mean,val_acc_std
7,,,,
23,,,,
39,1.0,0.0,0.48888888888888893,0.04157397096415492
55,1.0,0.0,0.5,0.09938079899999064
72,1.0,0.0,0.47777777777777775,0.1247219128924647
