class,average_precision
Confident,0.6825757575757576
Hesitant,0.5119949494949495
Nervous,0.7452380952380951
MACRO,0.6466029341029341
